{
  "summary": {
    "best_strategy": "Breakout Multi-Timeframe",
    "best_roi": 0.0,
    "target_roi": 100.0,
    "target_achieved": false,
    "total_strategies": 5,
    "profitable_strategies": 0
  },
  "strategies": {
    "Breakout Multi-Timeframe": {
      "total_trades": 0,
      "win_rate": 0.0,
      "total_pnl": 0.0,
      "roi": 0.0,
      "profit_factor": 0.0,
      "max_drawdown": 0.0,
      "sharpe_ratio": 0.0,
      "avg_win": 0.0,
      "avg_loss": 0.0,
      "max_win": 0.0,
      "max_loss": 0.0,
      "final_balance": 10.0,
      "avg_leverage": 0.0,
      "trades_per_month": 0.0
    },
    "Trend Following Confluence": {
      "total_trades": 6,
      "win_rate": 33.33333333333333,
      "total_pnl": -7.563073235219525,
      "roi": -75.63073235219525,
      "profit_factor": 0.12012383751942916,
      "max_drawdown": 80.81745002501634,
      "sharpe_ratio": -0.9227213327235488,
      "avg_win": 0.5162688905526037,
      "avg_loss": -2.148902754081183,
      "max_win": 0.6358354707603805,
      "max_loss": -3.5385228658536567,
      "final_balance": 2.436926764780475,
      "avg_leverage": 2.85,
      "trades_per_month": 0.5
    },
    "Support/Resistance Break": {
      "total_trades": 0,
      "win_rate": 0.0,
      "total_pnl": 0.0,
      "roi": 0.0,
      "profit_factor": 0.0,
      "max_drawdown": 0.0,
      "sharpe_ratio": 0.0,
      "avg_win": 0.0,
      "avg_loss": 0.0,
      "max_win": 0.0,
      "max_loss": 0.0,
      "final_balance": 10.0,
      "avg_leverage": 0.0,
      "trades_per_month": 0.0
    },
    "Mean Reversion Divergence": {
      "total_trades": 0,
      "win_rate": 0.0,
      "total_pnl": 0.0,
      "roi": 0.0,
      "profit_factor": 0.0,
      "max_drawdown": 0.0,
      "sharpe_ratio": 0.0,
      "avg_win": 0.0,
      "avg_loss": 0.0,
      "max_win": 0.0,
      "max_loss": 0.0,
      "final_balance": 10.0,
      "avg_leverage": 0.0,
      "trades_per_month": 0.0
    },
    "Momentum Squeeze Expansion": {
      "total_trades": 18,
      "win_rate": 16.666666666666664,
      "total_pnl": -73.11655592050899,
      "roi": -731.16555920509,
      "profit_factor": 0.21233671343449298,
      "max_drawdown": 731.16555920509,
      "sharpe_ratio": -0.5915036088147726,
      "avg_win": 6.5702055885267825,
      "avg_loss": -6.188478179072622,
      "max_win": 11.193036492444632,
      "max_loss": -16.35122327586207,
      "final_balance": -63.116555920508986,
      "avg_leverage": 2.85,
      "trades_per_month": 1.5
    }
  },
  "best_performance": {
    "total_trades": 0,
    "win_rate": 0.0,
    "total_pnl": 0.0,
    "roi": 0.0,
    "profit_factor": 0.0,
    "max_drawdown": 0.0,
    "sharpe_ratio": 0.0,
    "avg_win": 0.0,
    "avg_loss": 0.0,
    "max_win": 0.0,
    "max_loss": 0.0,
    "final_balance": 10.0,
    "avg_leverage": 0.0,
    "trades_per_month": 0.0
  }
}