{
  "timestamp": "20251004_155157",
  "test_type": "validation_tp40_vs_tp30_1year_data",
  "description": "Valida\u00e7\u00e3o usando dados reais de 1 ano que geraram 2190% ROI",
  "config": {
    "initial_capital": 10.0,
    "position_size": 1.0,
    "take_profit_pct_30": 0.3,
    "take_profit_pct_40": 0.4,
    "stop_loss_pct": 0.1,
    "emergency_stop": -0.05,
    "atr_min_pct": 0.5,
    "atr_max_pct": 3.0,
    "volume_multiplier": 3.0,
    "gradient_min_long": 0.08,
    "gradient_min_short": 0.12,
    "breakout_atr_mult": 0.8,
    "rsi_min": 20,
    "rsi_max": 70,
    "min_confluence": 3
  },
  "assets_tested": [
    "btc",
    "eth",
    "sol",
    "avax",
    "link",
    "ada",
    "doge",
    "xrp",
    "bnb",
    "ltc"
  ],
  "results": {
    "tp30": {
      "trades": 218,
      "pnl": -0.19999999999999996,
      "wins": 54,
      "losses": 164,
      "by_asset": {
        "btc": {
          "trades": 8,
          "wins": 3,
          "losses": 5,
          "pnl": 0.39999999999999997,
          "win_rate": 37.5
        },
        "eth": {
          "trades": 20,
          "wins": 2,
          "losses": 18,
          "pnl": -1.2,
          "win_rate": 10.0
        },
        "sol": {
          "trades": 23,
          "wins": 6,
          "losses": 17,
          "pnl": 0.10000000000000003,
          "win_rate": 26.08695652173913
        },
        "avax": {
          "trades": 27,
          "wins": 6,
          "losses": 21,
          "pnl": -0.30000000000000004,
          "win_rate": 22.22222222222222
        },
        "link": {
          "trades": 22,
          "wins": 7,
          "losses": 15,
          "pnl": 0.6000000000000001,
          "win_rate": 31.818181818181817
        },
        "ada": {
          "trades": 31,
          "wins": 9,
          "losses": 22,
          "pnl": 0.4999999999999999,
          "win_rate": 29.03225806451613
        },
        "doge": {
          "trades": 32,
          "wins": 6,
          "losses": 26,
          "pnl": -0.7999999999999998,
          "win_rate": 18.75
        },
        "xrp": {
          "trades": 25,
          "wins": 5,
          "losses": 20,
          "pnl": -0.5000000000000001,
          "win_rate": 20.0
        },
        "bnb": {
          "trades": 8,
          "wins": 3,
          "losses": 5,
          "pnl": 0.3999999999999999,
          "win_rate": 37.5
        },
        "ltc": {
          "trades": 22,
          "wins": 7,
          "losses": 15,
          "pnl": 0.6000000000000001,
          "win_rate": 31.818181818181817
        }
      },
      "win_rate": 24.770642201834864,
      "roi_percent": -1.9999999999999998,
      "final_capital": 9.8
    },
    "tp40": {
      "trades": 174,
      "pnl": -3.399999999999999,
      "wins": 28,
      "losses": 146,
      "by_asset": {
        "btc": {
          "trades": 6,
          "wins": 0,
          "losses": 6,
          "pnl": -0.6,
          "win_rate": 0.0
        },
        "eth": {
          "trades": 20,
          "wins": 2,
          "losses": 18,
          "pnl": -0.9999999999999999,
          "win_rate": 10.0
        },
        "sol": {
          "trades": 17,
          "wins": 2,
          "losses": 15,
          "pnl": -0.6999999999999997,
          "win_rate": 11.76470588235294
        },
        "avax": {
          "trades": 19,
          "wins": 2,
          "losses": 17,
          "pnl": -0.8999999999999997,
          "win_rate": 10.526315789473683
        },
        "link": {
          "trades": 17,
          "wins": 3,
          "losses": 14,
          "pnl": -0.19999999999999998,
          "win_rate": 17.647058823529413
        },
        "ada": {
          "trades": 27,
          "wins": 5,
          "losses": 22,
          "pnl": -0.1999999999999998,
          "win_rate": 18.51851851851852
        },
        "doge": {
          "trades": 25,
          "wins": 6,
          "losses": 19,
          "pnl": 0.5000000000000003,
          "win_rate": 24.0
        },
        "xrp": {
          "trades": 22,
          "wins": 5,
          "losses": 17,
          "pnl": 0.30000000000000004,
          "win_rate": 22.727272727272727
        },
        "bnb": {
          "trades": 7,
          "wins": 0,
          "losses": 7,
          "pnl": -0.7,
          "win_rate": 0.0
        },
        "ltc": {
          "trades": 14,
          "wins": 3,
          "losses": 11,
          "pnl": 0.10000000000000003,
          "win_rate": 21.428571428571427
        }
      },
      "win_rate": 16.091954022988507,
      "roi_percent": -33.99999999999999,
      "final_capital": 6.600000000000001
    }
  },
  "comparison": {
    "pnl_difference": -3.1999999999999993,
    "roi_difference": -31.999999999999993,
    "better_strategy": "TP30",
    "tp30_validates_2190_roi": false
  }
}